<?xml version="1.0" encoding="UTF-8"?>
<project xmlns="http://maven.apache.org/POM/4.0.0" xmlns:xsi="http://www.w3.org/2001/XMLSchema-instance" xsi:schemaLocation="http://maven.apache.org/POM/4.0.0 http://maven.apache.org/maven-v4_0_0.xsd">
  <modelVersion>4.0.0</modelVersion>
  <groupId>edu.uwb.css533</groupId>
  <artifactId>ToDoLists</artifactId>
  <name>ToDoLists</name>
  <version>1.0-SNAPSHOT</version>
  <build>
    <plugins>
      <plugin>
        <artifactId>maven-shade-plugin</artifactId>
        <version>3.3.0</version>
        <executions>
          <execution>
            <phase>package</phase>
            <goals>
              <goal>shade</goal>
            </goals>
          </execution>
        </executions>
        <configuration>
          <createDependencyReducedPom>true</createDependencyReducedPom>
          <transformers>
            <transformer />
            <transformer>
              <mainClass>${mainClass}</mainClass>
            </transformer>
          </transformers>
          <filters>
            <filter>
              <artifact>*:*</artifact>
              <excludes>
                <exclude>META-INF/*.SF</exclude>
                <exclude>META-INF/*.DSA</exclude>
                <exclude>META-INF/*.RSA</exclude>
              </excludes>
            </filter>
          </filters>
        </configuration>
      </plugin>
      <plugin>
        <artifactId>maven-jar-plugin</artifactId>
        <version>3.2.2</version>
        <configuration>
          <archive>
            <manifest>
              <addClasspath>true</addClasspath>
              <mainClass>${mainClass}</mainClass>
            </manifest>
          </archive>
        </configuration>
      </plugin>
      <plugin>
        <artifactId>maven-compiler-plugin</artifactId>
        <version>3.10.1</version>
        <configuration>
          <source>1.8</source>
          <target>1.8</target>
        </configuration>
      </plugin>
      <plugin>
        <artifactId>maven-surefire-plugin</artifactId>
        <version>2.22.2</version>
      </plugin>
      <plugin>
        <artifactId>maven-source-plugin</artifactId>
        <version>3.2.1</version>
        <executions>
          <execution>
            <id>attach-sources</id>
            <goals>
              <goal>jar</goal>
            </goals>
          </execution>
        </executions>
      </plugin>
      <plugin>
        <artifactId>maven-javadoc-plugin</artifactId>
        <version>3.4.0</version>
        <executions>
          <execution>
            <id>attach-javadocs</id>
            <goals>
              <goal>jar</goal>
            </goals>
          </execution>
        </executions>
      </plugin>
    </plugins>
  </build>
  <profiles>
    <profile>
      <id>java11+</id>
      <properties>
        <maven.javadoc.skip>true</maven.javadoc.skip>
      </properties>
    </profile>
  </profiles>
  <dependencies>
    <dependency>
      <groupId>junit</groupId>
      <artifactId>junit</artifactId>
      <version>4.13.2</version>
      <scope>test</scope>
      <exclusions>
        <exclusion>
          <artifactId>hamcrest-core</artifactId>
          <groupId>org.hamcrest</groupId>
        </exclusion>
      </exclusions>
    </dependency>
    <dependency>
      <groupId>org.junit.jupiter</groupId>
      <artifactId>junit-jupiter</artifactId>
      <version>5.8.2</version>
      <scope>test</scope>
      <exclusions>
        <exclusion>
          <artifactId>junit-jupiter-api</artifactId>
          <groupId>org.junit.jupiter</groupId>
        </exclusion>
        <exclusion>
          <artifactId>junit-jupiter-params</artifactId>
          <groupId>org.junit.jupiter</groupId>
        </exclusion>
        <exclusion>
          <artifactId>junit-jupiter-engine</artifactId>
          <groupId>org.junit.jupiter</groupId>
        </exclusion>
      </exclusions>
    </dependency>
  </dependencies>
  <reporting>
    <plugins>
      <plugin>
        <artifactId>maven-project-info-reports-plugin</artifactId>
        <version>3.3.0</version>
        <configuration>
          <dependencyLocationsEnabled>false</dependencyLocationsEnabled>
          <dependencyDetailsEnabled>false</dependencyDetailsEnabled>
        </configuration>
      </plugin>
      <plugin>
        <artifactId>maven-javadoc-plugin</artifactId>
        <version>3.4.0</version>
      </plugin>
    </plugins>
  </reporting>
  <dependencyManagement>
    <dependencies>
      <dependency>
        <groupId>io.dropwizard</groupId>
        <artifactId>dropwizard-dependencies</artifactId>
        <version>${dropwizard.version}</version>
        <type>pom</type>
        <scope>import</scope>
      </dependency>
      <dependency>
        <groupId>org.postgresql</groupId>
        <artifactId>postgresql</artifactId>
        <version>42.3.5</version>
      </dependency>
      <dependency>
        <groupId>org.json</groupId>
        <artifactId>json</artifactId>
        <version>20220320</version>
        <type>bundle</type>
      </dependency>
    </dependencies>
  </dependencyManagement>
  <properties>
    <dropwizard.version>2.1.0</dropwizard.version>
    <mainClass>edu.uwb.css533.service.ToDoListsApplication</mainClass>
    <project.build.sourceEncoding>UTF-8</project.build.sourceEncoding>
    <project.reporting.outputEncoding>UTF-8</project.reporting.outputEncoding>
  </properties>
</project>
